Quadrimestre,Codigo,Disciplina,Creditos
Quadrimestre 1 (Noturno),BCK0103-22,Física Quântica,3
Quadrimestre 1 (Noturno),BCL0308-15,Bioquímica,4
Quadrimestre 1 (Noturno),BCM0504-15,Natureza da Informação,3
Quadrimestre 1 (Noturno),BCM0505-15,Processamento  da Informação  BCJ,4
Quadrimestre 1 (Noturno),BCN0404-15,Geometria Analítica,3
Quadrimestre 1 (Noturno),---,✅ TOTAL ESTIMADO DO QUADRIMESTRE,17
Quadrimestre 2 (Misto),BCN0404-22,Geometria Analítica,3
Quadrimestre 2 (Misto),BCN0406-15,Introdução à  Probabilidade e à  Estatística  ESTO,4
Quadrimestre 2 (Misto),BCSO001-15,Base  Experimental das  Ciências Naturais  BIK,4
Quadrimestre 2 (Misto),BHQ0302-13,- Identidade e Cultura,4
Quadrimestre 2 (Misto),BIN406-15,-  Introdução à  Probabilidade e  à Estatística  ESTO,4
Quadrimestre 2 (Misto),ESHC010-13,Disciplina Desconhecida,4
Quadrimestre 2 (Misto),---,✅ TOTAL ESTIMADO DO QUADRIMESTRE,23
Quadrimestre 3 (Misto),ESHR013-13,- Regime Internacional dos Direitos Humanos e a Estratégia Brasileira e  ESZP,4
Quadrimestre 3 (Misto),EST016-17,-  Fenômenos de  Transporte  ESBM,4
Quadrimestre 3 (Misto),ESTE0036-17,Economia da  Energia  Créd.,22
Quadrimestre 3 (Misto),ESTG006-17,Engenharia de segurança do trabalho,4
Quadrimestre 3 (Misto),ESTG011-17,Estatística  Aplicada a  Sistemas de  Gestão  ESTG,4
Quadrimestre 3 (Misto),ESTG013-17,Pesquisa operacional,6
Quadrimestre 3 (Misto),---,✅ TOTAL ESTIMADO DO QUADRIMESTRE,44
Quadrimestre 4 (Misto),ESTG022-17,Sistemas CAM,4
Quadrimestre 4 (Misto),ESTI019-17,Codificação de  Sinais  Multimídia          Créd.,18
Quadrimestre 4 (Misto),ESTO0005-17,Introdução às engenharias,2
Quadrimestre 4 (Misto),ESTO0006-17,Materiais e suas propriedades,4
Quadrimestre 4 (Misto),ESTO0013-17,Engenharia  econômica  ESTO,4
Quadrimestre 4 (Misto),ESTO013-17,Engenharia Econômica,4
Quadrimestre 4 (Misto),---,✅ TOTAL ESTIMADO DO QUADRIMESTRE,36
Quadrimestre 5 (Misto),ESTO014-17,Termodinâmica  Aplicada I,4
Quadrimestre 5 (Misto),ESTO016-17,Fenômenos de  Transporte,4
Quadrimestre 5 (Misto),ESTO022-17,Transferência  de Calor I  Opção  Limitada,4
Quadrimestre 5 (Misto),ESTO023-17,Transferência  de Calor II  Créd.,24
Quadrimestre 5 (Misto),ESTO024-17,Mecânica dos  Fluidos II  ESTO,4
Quadrimestre 5 (Misto),ESTO902-17,Engenharia  Unificada I  ESTI,4
Quadrimestre 5 (Misto),---,✅ TOTAL ESTIMADO DO QUADRIMESTRE,44
Quadrimestre 6 (Misto),ESTO903-17,Engenharia  Unificada II  ESTI,4
Quadrimestre 6 (Misto),ESTS004-17,Desempenho de  Aeronaves  ESAE,4
Quadrimestre 6 (Misto),ESTS011-17,Métodos  Computacionais  para Análise  Estrutural  ESMA,4
Quadrimestre 6 (Misto),ESTU009-17,Hidrologia  ESTU,4
Quadrimestre 6 (Misto),ESTU023-17,Biomas  Brasileiros  ESTU,4
Quadrimestre 6 (Misto),ESTX046-13,- Energia,4
Quadrimestre 6 (Misto),---,✅ TOTAL ESTIMADO DO QUADRIMESTRE,24
Quadrimestre 7 (Misto),ESZP029-13,- Movimentos Sindicais,4
Quadrimestre 7 (Misto),ESZU006-13,- Economia,4
Quadrimestre 7 (Misto),ESZU025-13,Disciplina Desconhecida,4
Quadrimestre 7 (Misto),ESZX090-13,- Educação  Ambiental,4
Quadrimestre 7 (Misto),MCTA022-13,Redes de  Computadores  ESTA,4
Quadrimestre 7 (Misto),MCTA028-15,Programação  Estruturada          Créd.,22
Quadrimestre 7 (Misto),---,✅ TOTAL ESTIMADO DO QUADRIMESTRE,42
Quadrimestre 8 (Misto),MCTB0009-17,Cálculo  Numérico  Créd.,24
Quadrimestre 8 (Misto),MCTB009-17,Cálculo Numérico,4
Quadrimestre 8 (Misto),ESTA023-17,Introdução aos  Processos de  Fabricação  ESTA,4
Quadrimestre 8 (Misto),ESTB005-17,-  Ciência dos  Materiais  Biocompatíveis  Opção limitada  da Engenharia  Biomédica,4
Quadrimestre 8 (Misto),ESTE028-17,Engenharia  Nuclear  ESTE,4
Quadrimestre 8 (Misto),ESTE037-17,Análise  Econômica de  Projetos  Energéticos  ESTO,4
Quadrimestre 8 (Misto),---,✅ TOTAL ESTIMADO DO QUADRIMESTRE,44
Quadrimestre 9 (Misto),ESTG001-17,Custos  ESTO,4
Quadrimestre 9 (Misto),ESTU010-17,Microbiologia  Ambiental  ESTU,4
Quadrimestre 9 (Misto),MCTB001-17,Álgebra Linear,6
Quadrimestre 9 (Misto),OL,Opção Limitada / Livre,4
Quadrimestre 9 (Misto),OL,Opção Limitada / Livre,4
Quadrimestre 9 (Misto),OL,Opção Limitada / Livre,4
Quadrimestre 9 (Misto),---,✅ TOTAL ESTIMADO DO QUADRIMESTRE,26
Quadrimestre 10 (Misto),ESTG003-17,Economia de  Empresas  ESTG,4
Quadrimestre 10 (Misto),ESTG005-17,Engenharia  Econômica Aplic,4
Quadrimestre 10 (Misto),OL,Opção Limitada / Livre,4
Quadrimestre 10 (Misto),OL,Opção Limitada / Livre,4
Quadrimestre 10 (Misto),OL,Opção Limitada / Livre,4
Quadrimestre 10 (Misto),OL,Opção Limitada / Livre,4
Quadrimestre 10 (Misto),---,✅ TOTAL ESTIMADO DO QUADRIMESTRE,24
Quadrimestre 11 (Misto),BCJ0203-15,Fenômenos Eletromagnéticos,5
Quadrimestre 11 (Misto),BCK0103-15,Física Quântica,3
Quadrimestre 11 (Misto),BCN0405-15,Introdução às Equações Diferenciais Ordinárias,4
Quadrimestre 11 (Misto),BCN0407-15,Funções de Várias Variáveis,4
Quadrimestre 11 (Misto),BIR0004-15,Bases Epistemológicas da Ciência Moderna,3
Quadrimestre 11 (Misto),ESAE001-23,Aplicações  Estruturais de  Materiais  Compósitos  ESTA,4
Quadrimestre 11 (Misto),---,✅ TOTAL ESTIMADO DO QUADRIMESTRE,23
Quadrimestre 12 (Misto),ESTA002-17,Circuitos Elétricos I,5
Quadrimestre 12 (Misto),ESTA018-17,Eletromagnetismo  Aplicado  ESTO,4
Quadrimestre 12 (Misto),ESTA020-17,Modelagem e  Controle  ESTA,4
Quadrimestre 12 (Misto),ESTB023-17,-  Física Médica I  ESTB,4
Quadrimestre 12 (Misto),ESTB030-17,-  Física Médica II  ESBM,4
Quadrimestre 12 (Misto),ESTE022-17,Transferência de Calor I,4
Quadrimestre 12 (Misto),---,✅ TOTAL ESTIMADO DO QUADRIMESTRE,25
Quadrimestre 13 (Misto),ESTA001-17,Dispositivos Eletrônicos,5
Quadrimestre 13 (Misto),ESTA004-17,Circuitos Elétricos II,5
Quadrimestre 13 (Misto),ESTA016-17,Máquinas Elétricas,4
Quadrimestre 13 (Misto),ESTB009-17,-  Princípios de  Imagens  Médicas  ESBM,4
Quadrimestre 13 (Misto),ESTB022-17,-  Fundamentos  de Eletrônica  Analógica e  Digital   ESTB,4
Quadrimestre 13 (Misto),ESTE016-17,Introdução aos  Sistemas  Elétricos de  Potência  ESTE,4
Quadrimestre 13 (Misto),---,✅ TOTAL ESTIMADO DO QUADRIMESTRE,26
Quadrimestre 14 (Misto),ESTA007-17,Eletrônica Analógica  Aplicada,5
Quadrimestre 14 (Misto),ESTA010-17,Sensores e  Transdutores  ESTA,4
Quadrimestre 14 (Misto),ESTA017-17,Laboratório de  Máquinas Elétricas,2
Quadrimestre 14 (Misto),ESTA022-17,Teoria de  Acionamentos  Elétricos  ESTA,4
Quadrimestre 14 (Misto),ESTE023-17,Transferência de Calor II,4
Quadrimestre 14 (Misto),ESTI003-17,Transformadas em  Sinais e Sistemas  Lineares,4
Quadrimestre 14 (Misto),---,✅ TOTAL ESTIMADO DO QUADRIMESTRE,23
Quadrimestre 15 (Misto),ESTI016-17,Fundamentos  de Fotônica  Opção  Limitada,4
Quadrimestre 15 (Misto),ESTI017-17,Fundamentos de  Eletromagnetismo  Aplicado  ESTI,4
Quadrimestre 15 (Misto),ESTI018-17,Ondas  Eletromagnéticas  Aplicadas  ESTI,4
Quadrimestre 15 (Misto),ESTO001-17,Circuitos Elétricos e  Fotônica,4
Quadrimestre 15 (Misto),ESTO015-17,Mecânica dos Fluidos I,4
Quadrimestre 15 (Misto),MCTB010-13,Cálculo Vetorial e  Tensorial,4
Quadrimestre 15 (Misto),---,✅ TOTAL ESTIMADO DO QUADRIMESTRE,24
Quadrimestre 16 (Misto),ESAE003-23,Dinâmica de  Gases  ESTS,4
Quadrimestre 16 (Misto),ESTE024-17,Mecânica dos Fluidos II,4
Quadrimestre 16 (Misto),ESTE027-17,Laboratorio de  Calor e Fluídos  ESTE,4
Quadrimestre 16 (Misto),ESTE031-17,Engenharia de  Recursos  Hídricos  Opção  Limitada,4
Quadrimestre 16 (Misto),ESTE035-17,Engenharia  Eólica          Créd.,18
Quadrimestre 16 (Misto),OL,Opção Limitada / Livre,4
Quadrimestre 16 (Misto),---,✅ TOTAL ESTIMADO DO QUADRIMESTRE,38
Quadrimestre 17 (Misto),ESAE004-23,Métodos Computacionais para Análise Estrutural,4
Quadrimestre 17 (Misto),ESAE005-23,Técnicas de  Análise  Estrutural  ESTS,4
Quadrimestre 17 (Misto),ESAU010-23,Cartografia e  Geoprocessamento  ESTU,4
Quadrimestre 17 (Misto),ESIF001-23,Codificação de  Sinais Multimídia,4
Quadrimestre 17 (Misto),ESTA003-17,Sistemas de Controle I,5
Quadrimestre 17 (Misto),ESTA005-17,Análise de  Sistemas  Dinâmicos  Lineares  ESTA,4
Quadrimestre 17 (Misto),---,✅ TOTAL ESTIMADO DO QUADRIMESTRE,25
Quadrimestre 18 (Misto),ESTA008-17,Sistemas de Controle II,5
Quadrimestre 18 (Misto),ESTA011-17,Automação de  Sistemas  Industriais  Opção Limitada   da Engenharia   ou,4
Quadrimestre 18 (Misto),OL,Opção Limitada / Livre,4
Quadrimestre 18 (Misto),OL,Opção Limitada / Livre,4
Quadrimestre 18 (Misto),OL,Opção Limitada / Livre,4
Quadrimestre 18 (Misto),OL,Opção Limitada / Livre,4
Quadrimestre 18 (Misto),---,✅ TOTAL ESTIMADO DO QUADRIMESTRE,25
Quadrimestre 19 (Misto),ESTA006-17,Fotônica  Opção  Limitada   da Engenharia   ou,4
Quadrimestre 19 (Misto),ESTA013-17,Fundamentos  de Robótica  ESTA,4
Quadrimestre 19 (Misto),ESTA014-17,Sistemas  CAD,4
Quadrimestre 19 (Misto),ESTA019-17,Projeto  Assistido por  Computador  T-P-E-I,4
Quadrimestre 19 (Misto),ESTA021-17,Introdução ao  Controle Discreto  ESTA,4
Quadrimestre 19 (Misto),ESTA902-17,TG I em  Engenharia IAR  Opção Limitada   da Engenharia   ou,3
Quadrimestre 19 (Misto),---,✅ TOTAL ESTIMADO DO QUADRIMESTRE,23
Quadrimestre 20 (Misto),ESTA903-17,TG II em  Engenharia IAR  Opção Limitada   da Engenharia   ou,2
Quadrimestre 20 (Misto),ESTA904-17,TG III em  Engenharia IAR  ESTA,4
Quadrimestre 20 (Misto),ESTA905-17,Estágio  Curricular em  Engenharia IAR  T-P-E-I,2
Quadrimestre 20 (Misto),ESTB013-17,-  Biossegurança  ESTB,4
Quadrimestre 20 (Misto),ESTB015-17,-  Princípios de  Ética em  Serviços de  Saúde  BCS,4
Quadrimestre 20 (Misto),ESTB019-17,-  Bioestatística  ESTB,4
Quadrimestre 20 (Misto),---,✅ TOTAL ESTIMADO DO QUADRIMESTRE,20
